index,mode_id,field_0x04,field_0x08,field_0x0c,field_0x10,field_0x14,field_0x18,field_0x1c,field_0x20,field_0x24,field_0x28,field_0x2c,field_0x30,field_0x34,field_0x38,field_0x3c,field_0x40,field_0x44,field_0x48,field_0x4c,field_0x50,field_0x54,field_0x58,field_0x5c,field_0x60
0,0,6064,4042,0,0,6064,4042,0,0,6064,4042,6000,4000,32,21,1,20,1,1,1,1,2,0,30,16
1,97,6064,4042,0,0,6064,4042,0,0,6064,4042,6000,4000,32,21,0,40,1,1,1,1,2,0,30,17
2,98,3032,2012,0,0,3032,2012,0,0,3032,2012,3000,2000,16,6,0,78,2,2,2,2,2,0,40,18
3,3,6064,4042,0,0,6064,4042,0,0,6064,4042,0,0,0,0,0,30,1,1,1,1,2,0,70,17
4,121,6064,4042,0,0,6064,4042,0,0,6064,4042,0,0,0,0,0,25,1,1,1,1,2,0,70,17
5,6,4176,2174,0,0,4176,2174,0,0,4176,2174,0,0,0,0,1,30,1,1,1,1,1,1,50,16
6,122,4176,2174,0,0,4176,2174,0,0,4176,2174,0,0,0,0,1,25,1,1,1,1,1,1,50,16
7,95,5712,3216,0,0,5712,3216,0,0,5712,3216,0,0,0,0,1,24,1,1,1,1,1,1,14,16
8,100,4176,2174,0,0,4176,2174,0,0,3032,2174,0,0,0,0,1,24,1,1,1,1,1,1,50,16
9,7,6064,3412,0,0,6064,3412,0,0,6064,3412,0,0,0,0,0,30,1,1,1,1,1,0,70,17
10,123,6064,3412,0,0,6064,3412,0,0,6064,3412,0,0,0,0,0,25,1,1,1,1,1,0,70,17
11,102,4176,2174,0,0,4176,2174,0,0,4176,2174,0,0,0,0,0,30,1,1,1,1,1,1,70,17
12,124,4176,2174,0,0,4176,2174,0,0,4176,2174,0,0,0,0,0,25,1,1,1,1,1,1,70,17
13,101,6064,3412,0,0,6064,3412,0,0,6064,3412,0,0,0,0,0,24,1,1,1,1,1,0,70,17
14,108,4176,2174,0,0,4176,2174,0,0,4176,2174,0,0,0,0,0,24,1,1,1,1,1,1,70,17
15,27,3032,1708,0,0,3032,1708,0,0,3032,1708,0,0,0,0,0,60,2,2,2,2,1,0,70,18
16,115,3032,1708,0,0,3032,1708,0,0,3032,1708,0,0,0,0,0,50,2,2,2,2,1,0,70,18
17,88,2088,1174,0,0,2088,1174,0,0,2088,1174,0,0,0,0,0,60,2,2,2,2,1,1,70,18
18,116,2088,1174,0,0,2088,1174,0,0,2088,1174,0,0,0,0,0,50,2,2,2,2,1,1,70,18
19,106,3032,1708,0,0,3032,1708,0,0,3032,1708,0,0,0,0,0,30,2,2,2,2,1,0,70,18
20,125,3032,1708,0,0,3032,1708,0,0,3032,1708,0,0,0,0,0,25,2,2,2,2,1,0,70,18
21,107,2088,1174,0,0,2088,1174,0,0,2088,1174,0,0,0,0,0,30,2,2,2,2,1,1,70,18
22,126,2088,1174,0,0,2088,1174,0,0,2088,1174,0,0,0,0,0,25,2,2,2,2,1,1,70,18
23,109,3032,1708,0,0,3032,1708,0,0,3032,1708,0,0,0,0,0,24,2,2,2,2,1,0,70,18
24,110,2088,1174,0,0,2088,1174,0,0,2088,1174,0,0,0,0,0,24,2,2,2,2,1,1,70,18
25,58,3032,1708,0,0,3032,1708,0,0,3032,1708,0,0,0,0,0,120,2,2,2,2,1,0,50,19
26,89,3032,1708,0,0,3032,1708,0,0,3032,1708,0,0,0,0,0,100,2,2,2,2,1,0,50,19
27,103,2088,1174,0,0,2088,1174,0,0,2088,1174,0,0,0,0,0,120,2,2,2,2,1,1,70,19
28,118,2088,1174,0,0,2088,1174,0,0,2088,1174,0,0,0,0,0,100,2,2,2,2,1,1,70,19
29,104,3032,1708,0,0,3032,1708,0,0,3032,1708,0,0,0,0,0,60,2,2,2,2,1,0,70,19
30,105,2088,1174,0,0,2088,1174,0,0,2088,1174,0,0,0,0,0,60,2,2,2,2,1,1,70,19
31,111,3032,1708,0,0,3032,1708,0,0,3032,1708,0,0,0,0,0,30,2,2,2,2,1,0,70,19
32,127,3032,1708,0,0,3032,1708,0,0,3032,1708,0,0,0,0,0,25,2,2,2,2,1,0,70,19
33,112,2088,1174,0,0,2088,1174,0,0,2088,1174,0,0,0,0,0,30,2,2,2,2,1,1,70,19
34,128,2088,1174,0,0,2088,1174,0,0,2088,1174,0,0,0,0,0,25,2,2,2,2,1,1,70,19
35,113,3032,1708,0,0,3032,1708,0,0,3032,1708,0,0,0,0,0,24,2,2,2,2,1,0,70,19
36,114,2088,1174,0,0,2088,1174,0,0,2088,1174,0,0,0,0,0,24,2,2,2,2,1,1,70,19
37,139,2016,1344,0,0,2016,1344,0,0,2016,1344,0,0,0,0,0,60,3,2,3,3,2,0,100,20
38,56,2016,1344,0,0,2016,1344,0,0,2016,1344,0,0,0,0,0,120,3,2,3,3,2,0,100,21
39,140,2016,672,0,0,2016,672,0,0,2016,672,0,0,0,0,0,60,3,3,3,6,2,0,70,22
40,11,3032,2012,0,0,3032,2012,0,0,3032,2012,0,0,0,0,0,105,2,2,2,2,2,0,14,19
41,117,3032,2012,0,0,3032,2012,0,0,3032,2012,0,0,0,0,0,100,2,2,2,2,2,0,70,19
42,12,2016,672,0,0,2016,672,0,0,2016,672,0,0,0,0,0,240,3,3,3,6,2,0,50,23
43,129,3968,2640,0,0,3968,2640,0,0,3968,2640,0,0,0,0,1,20,1,1,1,1,2,1,50,16
44,130,3968,2640,0,0,3968,2640,0,0,3968,2640,0,0,0,0,0,40,1,1,1,1,2,1,50,17
45,131,1984,1320,0,0,1984,1320,0,0,1984,1320,0,0,0,0,0,78,2,2,2,2,2,1,50,18
46,132,2088,1174,0,0,2088,1174,0,0,2088,1174,0,0,0,0,0,120,2,2,2,2,1,1,70,18
47,133,2088,1174,0,0,2088,1174,0,0,2088,1174,0,0,0,0,0,100,2,2,2,2,1,1,70,18
48,134,2016,1136,0,0,2016,1136,0,0,2016,1136,0,0,0,0,0,120,3,2,3,3,1,1,100,20
49,10,6064,2022,0,0,6064,2022,0,0,6064,2022,0,0,32,21,0,60,1,1,1,1,2,0,70,17
50,135,3032,1708,0,0,3032,1708,0,0,3032,1708,0,0,0,0,0,48,2,2,2,2,1,0,70,18
51,136,2088,1174,0,0,2088,1174,0,0,2088,1174,0,0,0,0,0,48,2,2,2,2,1,1,70,18
52,8,2016,1344,0,0,2016,1344,0,0,2016,1344,0,0,0,0,0,60,3,2,3,3,2,0,100,21
53,9,2016,672,0,0,2016,672,0,0,2016,672,0,0,0,0,0,60,3,3,3,6,2,0,100,23
54,141,6064,4042,0,0,6064,4042,0,0,6064,4042,6000,4000,32,21,1,18,1,1,1,1,2,0,50,16
55,142,6064,4042,0,0,6064,4042,0,0,6064,4042,6000,4000,32,21,0,18,1,1,1,1,2,0,70,17
56,143,3032,2012,0,0,3032,2012,0,0,3032,2012,3000,2000,16,6,0,18,2,2,2,2,2,0,100,18
57,144,3968,2640,0,0,3968,2640,0,0,3968,2640,0,0,0,0,1,18,1,1,1,1,2,1,50,16
58,145,3968,2640,0,0,3968,2640,0,0,3968,2640,0,0,0,0,0,18,1,1,1,1,2,1,70,17
59,146,1984,1320,0,0,1984,1320,0,0,1984,1320,0,0,0,0,0,18,2,2,2,2,2,1,70,18
60,147,2016,1344,0,0,2016,1344,0,0,2016,1344,0,0,0,0,0,100,3,2,3,3,2,0,100,21
61,148,2016,1344,0,0,2016,1344,0,0,2016,1344,0,0,0,0,0,70,3,2,3,3,2,0,100,21
62,149,2016,1344,0,0,2016,1344,0,0,2016,1344,0,0,0,0,0,80,3,2,3,3,2,0,100,21
63,150,2016,1344,0,0,2016,1344,0,0,2016,1344,0,0,0,0,0,90,3,2,3,3,2,0,100,21
64,151,6064,3412,0,0,6064,3412,0,0,6064,3412,0,0,0,0,0,24,1,1,1,1,1,0,70,17
65,152,4176,2174,0,0,4176,2174,0,0,4176,2174,0,0,0,0,0,24,1,1,1,1,1,1,70,17
66,218,3032,1708,0,0,3032,1708,0,0,3032,1708,0,0,0,0,0,24,2,2,2,2,1,0,70,18
67,219,2088,1174,0,0,2088,1174,0,0,2088,1174,0,0,0,0,0,24,2,2,2,2,1,1,70,18
68,220,3032,1708,0,0,3032,1708,0,0,3032,1708,0,0,0,0,0,48,2,2,2,2,1,0,70,18
69,221,2088,1174,0,0,2088,1174,0,0,2088,1174,0,0,0,0,0,48,2,2,2,2,1,1,70,18
